Repository,Date,Stars
typst/typst,Tue Mar 21 2023 19:01:19 GMT+0100 (Central European Standard Time),0
typst/typst,Wed Mar 22 2023 22:13:33 GMT+0100 (Central European Standard Time),5100
typst/typst,Fri Mar 24 2023 15:30:57 GMT+0100 (Central European Standard Time),7800
typst/typst,Mon Mar 27 2023 15:57:16 GMT+0200 (Central European Summer Time),10500
typst/typst,Mon Apr 03 2023 09:51:40 GMT+0200 (Central European Summer Time),13100
typst/typst,Fri Apr 28 2023 13:45:24 GMT+0200 (Central European Summer Time),15800
typst/typst,Tue Jul 18 2023 12:47:39 GMT+0200 (Central European Summer Time),18500
typst/typst,Sun Oct 29 2023 05:55:32 GMT+0100 (Central European Standard Time),21100
typst/typst,Mon Jan 08 2024 14:12:15 GMT+0100 (Central European Standard Time),23800
typst/typst,Sat Mar 30 2024 02:42:03 GMT+0100 (Central European Standard Time),26500
typst/typst,Tue Jul 09 2024 21:53:53 GMT+0200 (Central European Summer Time),29100
typst/typst,Sun Sep 08 2024 13:23:47 GMT+0200 (Central European Summer Time),31800
typst/typst,Mon Nov 18 2024 21:00:38 GMT+0100 (Central European Standard Time),34500
typst/typst,Thu Feb 20 2025 12:03:50 GMT+0100 (Central European Standard Time),37100
typst/typst,Tue May 13 2025 19:53:08 GMT+0200 (Central European Summer Time),39800
typst/typst,Tue Feb 03 2026 09:55:48 GMT+0100 (Central European Standard Time),51014
